{
  "Ola": {
    "S1 Pro": {"year": 2023, "battery_capacity": 4, "range": 181},
    "S1 Air": {"year": 2023, "battery_capacity": 3, "range": 151}
  },
  "Ather": {
    "450X": {"year": 2023, "battery_capacity": 3.7, "range": 146},
    "450S": {"year": 2023, "battery_capacity": 3.3, "range": 115}
  },
  "TVS": {
    "iQube": {"year": 2023, "battery_capacity": 3.4, "range": 140}
  },
  "Hero": {
    "Electric Optima": {"year": 2023, "battery_capacity": 1.9, "range": 82},
    "Electric Photon": {"year": 2023, "battery_capacity": 2.7, "range": 108}
  }
}